ID,Note
a094K000000c5mEQAQ,Missing in Velaris
a094K000000c5mFQAQ,Missing in Velaris
a094K000000c5q1QAA,Missing in Velaris
a094K000000c6EcQAI,Missing in Velaris
a094K000000c6ExQAI,Missing in Velaris
a094K000000c6EyQAI,Missing in Velaris
a094K000000c6FGQAY,Missing in Velaris
a094K000000c6FkQAI,Missing in Velaris
a094K000000c6G9QAI,Missing in Velaris
a094K000000c6GnQAI,Missing in Velaris
a094K000000c6fsQAA,Missing in Velaris
a094K000000c6fxQAA,Missing in Velaris
a094K000000c6fyQAA,Missing in Velaris
a094K000000c6gCQAQ,Missing in Velaris
a094K000000c6gcQAA,Missing in Velaris
a094K000000c78EQAQ,Missing in Velaris
a094K000000c78FQAQ,Missing in Velaris
a094K000000c7DYQAY,Missing in Velaris
a094K000000c7DdQAI,Missing in Velaris
a094K000000c7DiQAI,Missing in Velaris
a094K000000c7EWQAY,Missing in Velaris
a094K000000c7EbQAI,Missing in Velaris
a094K000000c7EcQAI,Missing in Velaris
a094K000000c7ElQAI,Missing in Velaris
a094K000000c7F0QAI,Missing in Velaris
a094K000000c7G4QAI,Missing in Velaris
a094K000000c7HQQAY,Missing in Velaris
a094K000000c7HRQAY,Missing in Velaris
a094K000000c7HkQAI,Missing in Velaris
a094K000000c7I9QAI,Missing in Velaris
a094K000000c7IYQAY,Missing in Velaris
a094K000001cxCTQAY,Missing in Velaris
a094K000001cxEAQAY,Missing in Velaris
a094K000001cxGGQAY,Missing in Velaris
a094K000001cxSCQAY,Missing in Velaris
a094K000001cxSlQAI,Missing in Velaris
a094K000001d2AnQAI,Missing in Velaris
a094K000001d4PdQAI,Missing in Velaris
a094K000001d4SNQAY,Missing in Velaris
a094K000001d8YxQAI,Missing in Velaris
a094K000001dDZDQA2,Missing in Velaris
a094K000001dDZXQA2,Missing in Velaris
a094K000001dg40QAA,Missing in Velaris
a094K000001dh5KQAQ,Missing in Velaris
a094K000001dh5ZQAQ,Missing in Velaris
a094K000001dhzlQAA,Missing in Velaris
a094K000001dm8GQAQ,Missing in Velaris
a094K000001dm8LQAQ,Missing in Velaris
a094K000002rfRWQAY,Missing in Velaris
a094K000002rfRgQAI,Missing in Velaris
a094K000002rfjpQAA,Missing in Velaris
a094K000002s3Y9QAI,Missing in Velaris
a094K000002sB8fQAE,Missing in Velaris
a094K000002sI6VQAU,Missing in Velaris
a094K000002sJ9MQAU,Missing in Velaris
a094K000002sTabQAE,Missing in Velaris
a094K000002sTcmQAE,Missing in Velaris
a094K000002sZxZQAU,Missing in Velaris
a094K000002tnVvQAI,Missing in Velaris
a094K000002u5uZQAQ,Missing in Velaris
a094K000002uIqhQAE,Missing in Velaris
a094K000002uQX4QAM,Missing in Velaris
a094K000002uaHFQAY,Missing in Velaris
a094K000002uflFQAQ,Missing in Velaris
a094K000002uhN9QAI,Missing in Velaris
a094K000002ulAaQAI,Missing in Velaris
a094K000002v2otQAA,Missing in Velaris
a094K000002v2p3QAA,Missing in Velaris
a094K000003Ie5aQAC,Missing in Velaris
a094K000003J0NMQA0,Missing in Velaris
a094K000003J3oZQAS,Missing in Velaris
a094K000003JKoBQAW,Missing in Velaris
a094K000003Jf1pQAC,Missing in Velaris
a094K000003Js22QAC,Missing in Velaris
a09N2000000IWsfIAG,Missing in Velaris
a09N2000006Q5obIAC,Missing in Velaris
a09N2000006Q5odIAC,Missing in Velaris
a09N2000006Q5ogIAC,Missing in Velaris
a09N2000006Q5ojIAC,Missing in Velaris
a09N2000006Q5opIAC,Missing in Velaris
a09N2000006Q5oqIAC,Missing in Velaris
a09N2000006Q5orIAC,Missing in Velaris
a09N2000006Q5ouIAC,Missing in Velaris
a09N2000006Q5ovIAC,Missing in Velaris
a09N2000006Q5p0IAC,Missing in Velaris
a09N2000006Q5p2IAC,Missing in Velaris
a09N2000006Q5p3IAC,Missing in Velaris
a09N2000006Q5p4IAC,Missing in Velaris
a09N2000006Q5p5IAC,Missing in Velaris
a09N2000006Q5p7IAC,Missing in Velaris
a09N2000006Q5p8IAC,Missing in Velaris
a09N2000006Q5p9IAC,Missing in Velaris
a09N2000006Q5pAIAS,Missing in Velaris
a09N2000006Q5pCIAS,Missing in Velaris
a09N2000006Q5pEIAS,Missing in Velaris
a09N2000006Q5pGIAS,Missing in Velaris
a09N2000006Q5pKIAS,Missing in Velaris
a09N2000006Q5pLIAS,Missing in Velaris
a09N2000006Q5pMIAS,Missing in Velaris
a09N2000006Q5pNIAS,Missing in Velaris
a09N2000006Q5pOIAS,Missing in Velaris
a09N2000006Q5pQIAS,Missing in Velaris
a09N2000006Q5pSIAS,Missing in Velaris
a09N2000006Q5pUIAS,Missing in Velaris
a09N2000007A16rIAC,Missing in Velaris
