Booking ID,Note
Booking ID 011811,Missing in Velaris
Booking ID 011909,Missing in Velaris
Booking ID 012273,Missing in Velaris
Booking ID 018863,Missing in Velaris
Booking ID 018863,Missing in Velaris
Booking ID 011808,Missing in Velaris
Booking ID 018866,Missing in Velaris
Booking ID 018866,Missing in Velaris
Booking ID 012135,Missing in Velaris
Booking ID 011889,Missing in Velaris
Booking ID 016324,Missing in Velaris
Booking ID 016307,Missing in Velaris
Booking ID 011932,Missing in Velaris
Booking ID 011929,Missing in Velaris
Booking ID 012003,Missing in Velaris
Booking ID 012115,Missing in Velaris
Booking ID 016309,Missing in Velaris
Booking ID 018899,Missing in Velaris
Booking ID 018899,Missing in Velaris
Booking ID 018898,Missing in Velaris
Booking ID 011914,Missing in Velaris
Booking ID 018918,Missing in Velaris
Booking ID 018918,Missing in Velaris
Booking ID 018924,Missing in Velaris
Booking ID 018924,Missing in Velaris
Booking ID 018007,Missing in Velaris
Booking ID 018003,Missing in Velaris
Booking ID 011893,Missing in Velaris
Booking ID 012282,Missing in Velaris
Booking ID 016276,Missing in Velaris
Booking ID 018689,Missing in Velaris
Booking ID 018689,Missing in Velaris
Booking ID 012089,Missing in Velaris
Booking ID 018689,Missing in Velaris
Booking ID 012276,Missing in Velaris
Booking ID 016322,Missing in Velaris
Booking ID 012000,Missing in Velaris
Booking ID 019052,Missing in Velaris
Booking ID 019051,Missing in Velaris
Booking ID 018706,Missing in Velaris
Booking ID 018706,Missing in Velaris
Booking ID 011819,Missing in Velaris
Booking ID 018727,Missing in Velaris
Booking ID 018727,Missing in Velaris
Booking ID 018727,Missing in Velaris
Booking ID 011921,Missing in Velaris
Booking ID 018705,Missing in Velaris
Booking ID 018705,Missing in Velaris
Booking ID 018705,Missing in Velaris
Booking ID 019086,Missing in Velaris
Booking ID 019086,Missing in Velaris
Booking ID 011941,Missing in Velaris
Booking ID 016046,Missing in Velaris
Booking ID 019085,Missing in Velaris
Booking ID 019085,Missing in Velaris
Booking ID 018688,Missing in Velaris
Booking ID 018688,Missing in Velaris
Booking ID 018896,Missing in Velaris
Booking ID 018896,Missing in Velaris
Booking ID 016288,Missing in Velaris
Booking ID 016250,Missing in Velaris
Booking ID 011916,Missing in Velaris
Booking ID 011930,Missing in Velaris
Booking ID 016805,Missing in Velaris
Booking ID 016174,Missing in Velaris
Booking ID 018143,Missing in Velaris
Booking ID 012052,Missing in Velaris
Booking ID 018880,Missing in Velaris
Booking ID 018881,Missing in Velaris
Booking ID 018880,Missing in Velaris
Booking ID 012018,Missing in Velaris
Booking ID 011935,Missing in Velaris
Booking ID 011904,Missing in Velaris
Booking ID 011872,Missing in Velaris
Booking ID 011872,Missing in Velaris
Booking ID 018892,Missing in Velaris
Booking ID 018893,Missing in Velaris
Booking ID 018892,Missing in Velaris
Booking ID 011812,Missing in Velaris
Booking ID 016303,Missing in Velaris
Booking ID 016274,Missing in Velaris
Booking ID 018843,Missing in Velaris
Booking ID 018843,Missing in Velaris
Booking ID 016282,Missing in Velaris
Booking ID 016280,Missing in Velaris
Booking ID 011798,Missing in Velaris
Booking ID 012058,Missing in Velaris
Booking ID 012058,Missing in Velaris
Booking ID 012058,Missing in Velaris
Booking ID 016087,Missing in Velaris
Booking ID 012001,Missing in Velaris
Booking ID 019020,Missing in Velaris
Booking ID 019020,Missing in Velaris
Booking ID 016279,Missing in Velaris
Booking ID 018728,Missing in Velaris
Booking ID 018728,Missing in Velaris
Booking ID 019099,Missing in Velaris
Booking ID 019099,Missing in Velaris
Booking ID 018879,Missing in Velaris
Booking ID 018879,Missing in Velaris
Booking ID 011918,Missing in Velaris
Booking ID 018450,Missing in Velaris
Booking ID 018450,Missing in Velaris
Booking ID 018450,Missing in Velaris
Booking ID 018450,Missing in Velaris
Booking ID 018450,Missing in Velaris
Booking ID 018450,Missing in Velaris
Booking ID 018450,Missing in Velaris
Booking ID 018450,Missing in Velaris
Booking ID 018450,Missing in Velaris
Booking ID 018450,Missing in Velaris
Booking ID 018450,Missing in Velaris
Booking ID 018450,Missing in Velaris
Booking ID 018584,Missing in Velaris
Booking ID 018704,Missing in Velaris
Booking ID 018704,Missing in Velaris
Booking ID 018704,Missing in Velaris
Booking ID 018323,Missing in Velaris
Booking ID 018120,Missing in Velaris
Booking ID 018109,Missing in Velaris
Booking ID 018683,Missing in Velaris
Booking ID 018683,Missing in Velaris
Booking ID 018008,Missing in Velaris
Booking ID 018687,Missing in Velaris
Booking ID 018687,Missing in Velaris
Booking ID 018687,Missing in Velaris
Booking ID 018882,Missing in Velaris
Booking ID 018882,Missing in Velaris
Booking ID 019101,Missing in Velaris
Booking ID 019097,Missing in Velaris
Booking ID 019097,Missing in Velaris
Booking ID 018685,Missing in Velaris
Booking ID 018685,Missing in Velaris
Booking ID 018835,Missing in Velaris
Booking ID 018837,Missing in Velaris
Booking ID 018835,Missing in Velaris
Booking ID 018839,Missing in Velaris
Booking ID 018840,Missing in Velaris
Booking ID 018839,Missing in Velaris
Booking ID 019093,Missing in Velaris
Booking ID 019093,Missing in Velaris
Booking ID 018690,Missing in Velaris
Booking ID 018690,Missing in Velaris
Booking ID 018497,Missing in Velaris
Booking ID 018549,Missing in Velaris
Booking ID 016430,Missing in Velaris
Booking ID 018923,Missing in Velaris
Booking ID 018923,Missing in Velaris
Booking ID 018962,Missing in Velaris
Booking ID 018962,Missing in Velaris
Booking ID 016044,Missing in Velaris
Booking ID 016037,Missing in Velaris
Booking ID 012233,Missing in Velaris
Booking ID 012235,Missing in Velaris
Booking ID 012222,Missing in Velaris
Booking ID 012222,Missing in Velaris
Booking ID 011873,Missing in Velaris
Booking ID 015955,Missing in Velaris
Booking ID 019115,Missing in Velaris
Booking ID 019114,Missing in Velaris
Booking ID 018146,Missing in Velaris
Booking ID 018653,Missing in Velaris
Booking ID 018646,Missing in Velaris
Booking ID 019081,Missing in Velaris
Booking ID 019081,Missing in Velaris
Booking ID 019084,Missing in Velaris
Booking ID 019084,Missing in Velaris
Booking ID 018599,Missing in Velaris
Booking ID 018598,Missing in Velaris
Booking ID 018596,Missing in Velaris
Booking ID 018585,Missing in Velaris
Booking ID 018580,Missing in Velaris
Booking ID 018910,Missing in Velaris
Booking ID 018567,Missing in Velaris
Booking ID 018558,Missing in Velaris
Booking ID 018557,Missing in Velaris
Booking ID 018556,Missing in Velaris
Booking ID 018547,Missing in Velaris
Booking ID 018524,Missing in Velaris
Booking ID 018521,Missing in Velaris
Booking ID 018516,Missing in Velaris
Booking ID 018500,Missing in Velaris
Booking ID 018496,Missing in Velaris
Booking ID 018488,Missing in Velaris
Booking ID 018495,Missing in Velaris
Booking ID 018487,Missing in Velaris
Booking ID 018498,Missing in Velaris
Booking ID 018491,Missing in Velaris
Booking ID 018492,Missing in Velaris
Booking ID 018493,Missing in Velaris
Booking ID 018489,Missing in Velaris
Booking ID 018719,Missing in Velaris
Booking ID 018450,Missing in Velaris
Booking ID 018450,Missing in Velaris
Booking ID 018450,Missing in Velaris
Booking ID 018450,Missing in Velaris
Booking ID 018450,Missing in Velaris
Booking ID 018450,Missing in Velaris
Booking ID 018450,Missing in Velaris
Booking ID 018450,Missing in Velaris
Booking ID 018450,Missing in Velaris
Booking ID 018450,Missing in Velaris
Booking ID 018450,Missing in Velaris
Booking ID 018450,Missing in Velaris
Booking ID 018450,Missing in Velaris
Booking ID 018450,Missing in Velaris
Booking ID 018450,Missing in Velaris
Booking ID 018450,Missing in Velaris
Booking ID 018450,Missing in Velaris
Booking ID 018450,Missing in Velaris
Booking ID 018450,Missing in Velaris
Booking ID 018450,Missing in Velaris
Booking ID 018450,Missing in Velaris
Booking ID 018450,Missing in Velaris
Booking ID 018450,Missing in Velaris
Booking ID 018450,Missing in Velaris
Booking ID 018450,Missing in Velaris
Booking ID 018450,Missing in Velaris
Booking ID 018450,Missing in Velaris
Booking ID 018450,Missing in Velaris
Booking ID 018450,Missing in Velaris
Booking ID 019091,Missing in Velaris
Booking ID 019091,Missing in Velaris
Booking ID 019083,Missing in Velaris
Booking ID 019083,Missing in Velaris
Booking ID 019068,Missing in Velaris
Booking ID 019062,Missing in Velaris
Booking ID 019061,Missing in Velaris
Booking ID 019082,Missing in Velaris
Booking ID 019082,Missing in Velaris
Booking ID 019023,Missing in Velaris
Booking ID 019012,Missing in Velaris
Booking ID 018978,Missing in Velaris
Booking ID 018978,Missing in Velaris
Booking ID 018960,Missing in Velaris
Booking ID 018959,Missing in Velaris
Booking ID 018935,Missing in Velaris
Booking ID 018937,Missing in Velaris
Booking ID 018936,Missing in Velaris
Booking ID 018936,Missing in Velaris
Booking ID 018925,Missing in Velaris
Booking ID 018920,Missing in Velaris
Booking ID 018917,Missing in Velaris
Booking ID 018906,Missing in Velaris
Booking ID 018903,Missing in Velaris
Booking ID 018902,Missing in Velaris
Booking ID 018900,Missing in Velaris
Booking ID 018897,Missing in Velaris
Booking ID 018891,Missing in Velaris
Booking ID 018891,Missing in Velaris
Booking ID 018890,Missing in Velaris
Booking ID 018890,Missing in Velaris
Booking ID 018888,Missing in Velaris
Booking ID 018859,Missing in Velaris
Booking ID 018857,Missing in Velaris
Booking ID 018826,Missing in Velaris
Booking ID 018825,Missing in Velaris
Booking ID 018825,Missing in Velaris
Booking ID 018813,Missing in Velaris
Booking ID 018810,Missing in Velaris
Booking ID 018809,Missing in Velaris
Booking ID 018807,Missing in Velaris
Booking ID 018805,Missing in Velaris
Booking ID 018802,Missing in Velaris
Booking ID 018791,Missing in Velaris
Booking ID 018790,Missing in Velaris
Booking ID 018785,Missing in Velaris
Booking ID 018784,Missing in Velaris
Booking ID 018780,Missing in Velaris
Booking ID 018779,Missing in Velaris
Booking ID 018812,Missing in Velaris
Booking ID 018778,Missing in Velaris
Booking ID 018773,Missing in Velaris
Booking ID 018772,Missing in Velaris
Booking ID 018772,Missing in Velaris
Booking ID 018756,Missing in Velaris
Booking ID 018736,Missing in Velaris
Booking ID 018804,Missing in Velaris
Booking ID 018804,Missing in Velaris
Booking ID 018724,Missing in Velaris
Booking ID 018712,Missing in Velaris
Booking ID 018707,Missing in Velaris
Booking ID 018691,Missing in Velaris
Booking ID 018691,Missing in Velaris
Booking ID 018692,Missing in Velaris
Booking ID 018692,Missing in Velaris
Booking ID 018692,Missing in Velaris
Booking ID 018692,Missing in Velaris
Booking ID 018718,Missing in Velaris
Booking ID 018717,Missing in Velaris
Booking ID 018718,Missing in Velaris
Booking ID 018655,Missing in Velaris
Booking ID 018654,Missing in Velaris
Booking ID 018098,Missing in Velaris
Booking ID 018313,Missing in Velaris
Booking ID 018361,Missing in Velaris
Booking ID 018361,Missing in Velaris
Booking ID 018582,Missing in Velaris
Booking ID 018867,Missing in Velaris
Booking ID 018867,Missing in Velaris
Booking ID 019010,Missing in Velaris
Booking ID 019004,Missing in Velaris
Booking ID 018765,Missing in Velaris
Booking ID 019011,Missing in Velaris
Booking ID 019011,Missing in Velaris
Booking ID 019046,Missing in Velaris
Booking ID 019044,Missing in Velaris
Booking ID 019045,Missing in Velaris
Booking ID 019043,Missing in Velaris
Booking ID 019046,Missing in Velaris
Booking ID 019045,Missing in Velaris
Booking ID 019044,Missing in Velaris
Booking ID 019043,Missing in Velaris
Booking ID 018811,Missing in Velaris
Booking ID 018811,Missing in Velaris
Booking ID 017891,Missing in Velaris
Booking ID 018161,Missing in Velaris
Booking ID 018161,Missing in Velaris
Booking ID 018161,Missing in Velaris
Booking ID 018121,Missing in Velaris
Booking ID 018612,Missing in Velaris
Booking ID 018612,Missing in Velaris
Booking ID 017459,Missing in Velaris
Booking ID 018090,Missing in Velaris
Booking ID 018090,Missing in Velaris
Booking ID 018090,Missing in Velaris
Booking ID 018713,Missing in Velaris
Booking ID 018713,Missing in Velaris
Booking ID 018541,Missing in Velaris
Booking ID 016961,Missing in Velaris
Booking ID 018098,Missing in Velaris
Booking ID 018098,Missing in Velaris
Booking ID 018098,Missing in Velaris
Booking ID 019024,Missing in Velaris
Booking ID 019025,Missing in Velaris
Booking ID 019027,Missing in Velaris
Booking ID 019027,Missing in Velaris
Booking ID 019025,Missing in Velaris
Booking ID 019024,Missing in Velaris
Booking ID 019098,Missing in Velaris
Booking ID 019098,Missing in Velaris
Booking ID 018376,Missing in Velaris
Booking ID 018375,Missing in Velaris
Booking ID 018624,Missing in Velaris
Booking ID 018625,Missing in Velaris
Booking ID 018623,Missing in Velaris
Booking ID 018622,Missing in Velaris
Booking ID 018625,Missing in Velaris
Booking ID 018624,Missing in Velaris
Booking ID 018623,Missing in Velaris
Booking ID 018622,Missing in Velaris
Booking ID 018723,Missing in Velaris
Booking ID 018723,Missing in Velaris
Booking ID 018061,Missing in Velaris
Booking ID 018061,Missing in Velaris
Booking ID 018619,Missing in Velaris
Booking ID 018618,Missing in Velaris
Booking ID 018577,Missing in Velaris
Booking ID 018577,Missing in Velaris
Booking ID 018570,Missing in Velaris
Booking ID 018572,Missing in Velaris
Booking ID 018571,Missing in Velaris
Booking ID 018572,Missing in Velaris
Booking ID 018571,Missing in Velaris
Booking ID 018570,Missing in Velaris
Booking ID 019013,Missing in Velaris
Booking ID 019013,Missing in Velaris
Booking ID 018572,Missing in Velaris
Booking ID 019065,Missing in Velaris
Booking ID 019076,Missing in Velaris
Booking ID 019076,Missing in Velaris
Booking ID 019065,Missing in Velaris
Booking ID 018878,Missing in Velaris
Booking ID 018878,Missing in Velaris
Booking ID 017846,Missing in Velaris
Booking ID 018651,Missing in Velaris
Booking ID 018651,Missing in Velaris
Booking ID 018858,Missing in Velaris
Booking ID 018858,Missing in Velaris
Booking ID 018966,Missing in Velaris
Booking ID 018966,Missing in Velaris
Booking ID 018062,Missing in Velaris
Booking ID 018340,Missing in Velaris
Booking ID 017994,Missing in Velaris
Booking ID 017883,Missing in Velaris
Booking ID 018551,Missing in Velaris
Booking ID 018551,Missing in Velaris
Booking ID 019009,Missing in Velaris
Booking ID 019009,Missing in Velaris
Booking ID 018777,Missing in Velaris
Booking ID 018777,Missing in Velaris
Booking ID 012102,Missing in Velaris
Booking ID 017499,Missing in Velaris
Booking ID 017666,Missing in Velaris
Booking ID 018546,Missing in Velaris
Booking ID 019047,Missing in Velaris
Booking ID 019047,Missing in Velaris
Booking ID 019031,Missing in Velaris
Booking ID 019031,Missing in Velaris
Booking ID 018764,Missing in Velaris
Booking ID 018764,Missing in Velaris
Booking ID 018803,Missing in Velaris
Booking ID 018803,Missing in Velaris
Booking ID 018421,Missing in Velaris
Booking ID 019067,Missing in Velaris
Booking ID 018346,Missing in Velaris
Booking ID 017996,Missing in Velaris
Booking ID 017944,Missing in Velaris
Booking ID 017944,Missing in Velaris
Booking ID 017944,Missing in Velaris
Booking ID 019059,Missing in Velaris
Booking ID 019058,Missing in Velaris
Booking ID 019057,Missing in Velaris
Booking ID 019054,Missing in Velaris
Booking ID 018753,Missing in Velaris
Booking ID 018753,Missing in Velaris
Booking ID 018435,Missing in Velaris
Booking ID 018310,Missing in Velaris
Booking ID 018310,Missing in Velaris
Booking ID 018569,Missing in Velaris
Booking ID 018569,Missing in Velaris
Booking ID 019007,Missing in Velaris
Booking ID 019090,Missing in Velaris
Booking ID 019089,Missing in Velaris
Booking ID 018165,Missing in Velaris
Booking ID 018165,Missing in Velaris
Booking ID 018764,Missing in Velaris
Booking ID 018106,Missing in Velaris
Booking ID 018981,Missing in Velaris
Booking ID 017897,Missing in Velaris
Booking ID 018486,Missing in Velaris
Booking ID 018486,Missing in Velaris
Booking ID 018531,Missing in Velaris
Booking ID 018531,Missing in Velaris
Booking ID 018531,Missing in Velaris
Booking ID 018889,Missing in Velaris
Booking ID 018889,Missing in Velaris
Booking ID 018531,Missing in Velaris
Booking ID 018545,Missing in Velaris
Booking ID 017899,Missing in Velaris
Booking ID 017899,Missing in Velaris
Booking ID 018079,Missing in Velaris
Booking ID 018079,Missing in Velaris
Booking ID 017510,Missing in Velaris
Booking ID 018464,Missing in Velaris
Booking ID 018533,Missing in Velaris
Booking ID 017967,Missing in Velaris
Booking ID 017967,Missing in Velaris
Booking ID 017843,Missing in Velaris
Booking ID 017967,Missing in Velaris
Booking ID 016262,Missing in Velaris
Booking ID 016261,Missing in Velaris
Booking ID 016266,Missing in Velaris
Booking ID 016268,Missing in Velaris
Booking ID 016270,Missing in Velaris
Booking ID 016264,Missing in Velaris
Booking ID 016260,Missing in Velaris
Booking ID 016271,Missing in Velaris
Booking ID 016267,Missing in Velaris
Booking ID 016269,Missing in Velaris
Booking ID 016265,Missing in Velaris
Booking ID 016263,Missing in Velaris
Booking ID 018905,Missing in Velaris
Booking ID 018905,Missing in Velaris
Booking ID 019034,Missing in Velaris
Booking ID 019034,Missing in Velaris
Booking ID 019109,Missing in Velaris
Booking ID 019108,Missing in Velaris
Booking ID 019106,Missing in Velaris
Booking ID 019104,Missing in Velaris
Booking ID 019102,Missing in Velaris
Booking ID 019077,Missing in Velaris
Booking ID 019077,Missing in Velaris
Booking ID 018726,Missing in Velaris
Booking ID 018726,Missing in Velaris
Booking ID 018726,Missing in Velaris
Booking ID 018737,Missing in Velaris
Booking ID 018737,Missing in Velaris
Booking ID 018647,Missing in Velaris
Booking ID 018647,Missing in Velaris
Booking ID 018452,Missing in Velaris
Booking ID 018446,Missing in Velaris
Booking ID 018445,Missing in Velaris
Booking ID 018445,Missing in Velaris
Booking ID 018452,Missing in Velaris
Booking ID 018446,Missing in Velaris
Booking ID 019032,Missing in Velaris
Booking ID 019032,Missing in Velaris
Booking ID 018698,Missing in Velaris
Booking ID 018698,Missing in Velaris
Booking ID 018621,Missing in Velaris
Booking ID 018633,Missing in Velaris
Booking ID 018621,Missing in Velaris
Booking ID 018633,Missing in Velaris
Booking ID 018621,Missing in Velaris
Booking ID 018874,Missing in Velaris
Booking ID 018874,Missing in Velaris
Booking ID 019071,Missing in Velaris
Booking ID 019071,Missing in Velaris
Booking ID 017478,Missing in Velaris
Booking ID 018885,Missing in Velaris
Booking ID 018885,Missing in Velaris
Booking ID 019072,Missing in Velaris
Booking ID 019070,Missing in Velaris
Booking ID 019070,Missing in Velaris
Booking ID 019072,Missing in Velaris
Booking ID 019110,Missing in Velaris
Booking ID 019094,Missing in Velaris
Booking ID 019094,Missing in Velaris
Booking ID 018052,Missing in Velaris
Booking ID 018052,Missing in Velaris
Booking ID 018534,Missing in Velaris
Booking ID 018228,Missing in Velaris
Booking ID 017610,Missing in Velaris
Booking ID 018693,Missing in Velaris
Booking ID 018693,Missing in Velaris
Booking ID 018743,Missing in Velaris
Booking ID 018739,Missing in Velaris
Booking ID 018743,Missing in Velaris
Booking ID 018739,Missing in Velaris
Booking ID 018844,Missing in Velaris
Booking ID 018844,Missing in Velaris
Booking ID 018344,Missing in Velaris
Booking ID 018344,Missing in Velaris
Booking ID 018344,Missing in Velaris
Booking ID 018344,Missing in Velaris
Booking ID 018444,Missing in Velaris
Booking ID 018444,Missing in Velaris
Booking ID 018544,Missing in Velaris
Booking ID 019049,Missing in Velaris
Booking ID 019049,Missing in Velaris
Booking ID 018405,Missing in Velaris
Booking ID 018405,Missing in Velaris
Booking ID 018734,Missing in Velaris
Booking ID 018734,Missing in Velaris
Booking ID 018648,Missing in Velaris
Booking ID 018650,Missing in Velaris
Booking ID 018650,Missing in Velaris
Booking ID 018648,Missing in Velaris
Booking ID 019060,Missing in Velaris
Booking ID 018607,Missing in Velaris
Booking ID 018607,Missing in Velaris
Booking ID 018299,Missing in Velaris
Booking ID 018299,Missing in Velaris
Booking ID 018299,Missing in Velaris
Booking ID 018797,Missing in Velaris
Booking ID 018196,Missing in Velaris
Booking ID 018196,Missing in Velaris
Booking ID 018196,Missing in Velaris
Booking ID 018157,Missing in Velaris
Booking ID 018157,Missing in Velaris
Booking ID 018157,Missing in Velaris
Booking ID 018108,Missing in Velaris
Booking ID 018108,Missing in Velaris
Booking ID 018996,Missing in Velaris
Booking ID 018996,Missing in Velaris
Booking ID 017888,Missing in Velaris
Booking ID 018550,Missing in Velaris
Booking ID 017578,Missing in Velaris
Booking ID 017578,Missing in Velaris
Booking ID 017578,Missing in Velaris
Booking ID 017576,Missing in Velaris
Booking ID 017575,Missing in Velaris
Booking ID 018757,Missing in Velaris
Booking ID 018757,Missing in Velaris
Booking ID 018050,Missing in Velaris
Booking ID 018037,Missing in Velaris
Booking ID 018037,Missing in Velaris
Booking ID 018037,Missing in Velaris
Booking ID 017536,Missing in Velaris
Booking ID 018797,Missing in Velaris
Booking ID 018921,Missing in Velaris
Booking ID 018921,Missing in Velaris
Booking ID 018219,Missing in Velaris
Booking ID 018219,Missing in Velaris
Booking ID 017890,Missing in Velaris
Booking ID 018745,Missing in Velaris
Booking ID 018886,Missing in Velaris
Booking ID 018886,Missing in Velaris
Booking ID 018841,Missing in Velaris
Booking ID 018841,Missing in Velaris
Booking ID 018745,Missing in Velaris
Booking ID 018641,Missing in Velaris
Booking ID 018641,Missing in Velaris
Booking ID 018819,Missing in Velaris
Booking ID 018820,Missing in Velaris
Booking ID 018050,Missing in Velaris
Booking ID 018139,Missing in Velaris
Booking ID 018139,Missing in Velaris
Booking ID 018448,Missing in Velaris
Booking ID 018448,Missing in Velaris
Booking ID 018139,Missing in Velaris
Booking ID 018800,Missing in Velaris
Booking ID 018800,Missing in Velaris
Booking ID 018055,Missing in Velaris
Booking ID 018055,Missing in Velaris
Booking ID 018185,Missing in Velaris
Booking ID 018178,Missing in Velaris
Booking ID 018185,Missing in Velaris
Booking ID 018178,Missing in Velaris
Booking ID 018213,Missing in Velaris
Booking ID 018213,Missing in Velaris
Booking ID 018213,Missing in Velaris
Booking ID 018178,Missing in Velaris
Booking ID 019017,Missing in Velaris
Booking ID 019017,Missing in Velaris
Booking ID 018668,Missing in Velaris
Booking ID 018668,Missing in Velaris
Booking ID 018709,Missing in Velaris
Booking ID 018709,Missing in Velaris
Booking ID 018763,Missing in Velaris
Booking ID 018763,Missing in Velaris
Booking ID 018865,Missing in Velaris
Booking ID 018865,Missing in Velaris
Booking ID 019016,Missing in Velaris
Booking ID 019016,Missing in Velaris
Booking ID 019095,Missing in Velaris
Booking ID 019095,Missing in Velaris
Booking ID 018227,Missing in Velaris
Booking ID 018227,Missing in Velaris
Booking ID 018363,Missing in Velaris
Booking ID 018363,Missing in Velaris
Booking ID 018363,Missing in Velaris
Booking ID 018314,Missing in Velaris
Booking ID 018314,Missing in Velaris
Booking ID 017918,Missing in Velaris
Booking ID 017918,Missing in Velaris
Booking ID 018758,Missing in Velaris
Booking ID 018758,Missing in Velaris
Booking ID 018758,Missing in Velaris
Booking ID 019066,Missing in Velaris
Booking ID 018746,Missing in Velaris
Booking ID 018746,Missing in Velaris
Booking ID 018746,Missing in Velaris
Booking ID 018483,Missing in Velaris
Booking ID 018483,Missing in Velaris
Booking ID 018483,Missing in Velaris
Booking ID 017968,Missing in Velaris
Booking ID 017968,Missing in Velaris
Booking ID 017968,Missing in Velaris
Booking ID 019074,Missing in Velaris
Booking ID 019080,Missing in Velaris
Booking ID 019080,Missing in Velaris
Booking ID 019074,Missing in Velaris
Booking ID 018652,Missing in Velaris
Booking ID 018652,Missing in Velaris
Booking ID 017476,Missing in Velaris
Booking ID 018814,Missing in Velaris
Booking ID 018817,Missing in Velaris
Booking ID 018818,Missing in Velaris
Booking ID 018815,Missing in Velaris
Booking ID 018816,Missing in Velaris
Booking ID 018820,Missing in Velaris
Booking ID 018819,Missing in Velaris
Booking ID 018818,Missing in Velaris
Booking ID 018817,Missing in Velaris
Booking ID 018815,Missing in Velaris
Booking ID 018816,Missing in Velaris
Booking ID 018814,Missing in Velaris
Booking ID 018957,Missing in Velaris
Booking ID 018957,Missing in Velaris
Booking ID 019056,Missing in Velaris
Booking ID 019055,Missing in Velaris
Booking ID 019056,Missing in Velaris
Booking ID 019055,Missing in Velaris
Booking ID 018568,Missing in Velaris
Booking ID 016827,Missing in Velaris
Booking ID 018030,Missing in Velaris
Booking ID 018414,Missing in Velaris
Booking ID 018028,Missing in Velaris
Booking ID 018028,Missing in Velaris
Booking ID 017552,Missing in Velaris
Booking ID 018617,Missing in Velaris
Booking ID 018616,Missing in Velaris
Booking ID 018617,Missing in Velaris
Booking ID 018616,Missing in Velaris
Booking ID 018786,Missing in Velaris
Booking ID 018786,Missing in Velaris
Booking ID 018766,Missing in Velaris
Booking ID 018774,Missing in Velaris
Booking ID 018774,Missing in Velaris
Booking ID 018766,Missing in Velaris
Booking ID 017995,Missing in Velaris
Booking ID 017995,Missing in Velaris
Booking ID 018850,Missing in Velaris
Booking ID 018850,Missing in Velaris
Booking ID 018022,Missing in Velaris
Booking ID 018022,Missing in Velaris
Booking ID 018014,Missing in Velaris
Booking ID 018014,Missing in Velaris
Booking ID 018350,Missing in Velaris
Booking ID 018350,Missing in Velaris
Booking ID 018293,Missing in Velaris
Booking ID 018293,Missing in Velaris
Booking ID 018293,Missing in Velaris
Booking ID 018968,Missing in Velaris
Booking ID 019003,Missing in Velaris
Booking ID 019003,Missing in Velaris
Booking ID 018564,Missing in Velaris
Booking ID 018564,Missing in Velaris
Booking ID 019048,Missing in Velaris
Booking ID 018222,Missing in Velaris
Booking ID 018716,Missing in Velaris
Booking ID 018637,Missing in Velaris
Booking ID 018417,Missing in Velaris
Booking ID 017859,Missing in Velaris
Booking ID 018303,Missing in Velaris
Booking ID 018303,Missing in Velaris
Booking ID 018771,Missing in Velaris
Booking ID 018771,Missing in Velaris
Booking ID 018082,Missing in Velaris
Booking ID 018081,Missing in Velaris
Booking ID 018082,Missing in Velaris
Booking ID 018081,Missing in Velaris
Booking ID 018568,Missing in Velaris
Booking ID 018304,Missing in Velaris
Booking ID 018304,Missing in Velaris
Booking ID 018463,Missing in Velaris
Booking ID 018463,Missing in Velaris
Booking ID 018463,Missing in Velaris
Booking ID 018845,Missing in Velaris
Booking ID 017523,Missing in Velaris
Booking ID 018322,Missing in Velaris
Booking ID 018322,Missing in Velaris
Booking ID 018049,Missing in Velaris
Booking ID 018049,Missing in Velaris
Booking ID 017582,Missing in Velaris
Booking ID 018343,Missing in Velaris
Booking ID 018343,Missing in Velaris
Booking ID 018631,Missing in Velaris
Booking ID 018632,Missing in Velaris
Booking ID 018632,Missing in Velaris
Booking ID 018631,Missing in Velaris
Booking ID 019014,Missing in Velaris
Booking ID 019015,Missing in Velaris
Booking ID 019015,Missing in Velaris
Booking ID 019014,Missing in Velaris
Booking ID 017943,Missing in Velaris
Booking ID 017943,Missing in Velaris
Booking ID 017965,Missing in Velaris
Booking ID 017965,Missing in Velaris
Booking ID 017965,Missing in Velaris
Booking ID 017966,Missing in Velaris
Booking ID 017966,Missing in Velaris
Booking ID 017969,Missing in Velaris
Booking ID 017969,Missing in Velaris
Booking ID 017969,Missing in Velaris
Booking ID 018123,Missing in Velaris
Booking ID 018123,Missing in Velaris
Booking ID 018123,Missing in Velaris
Booking ID 018023,Missing in Velaris
Booking ID 018023,Missing in Velaris
Booking ID 018036,Missing in Velaris
Booking ID 018035,Missing in Velaris
Booking ID 018036,Missing in Velaris
Booking ID 018035,Missing in Velaris
Booking ID 018040,Missing in Velaris
Booking ID 018040,Missing in Velaris
Booking ID 018041,Missing in Velaris
Booking ID 018041,Missing in Velaris
Booking ID 018339,Missing in Velaris
Booking ID 018339,Missing in Velaris
Booking ID 018990,Missing in Velaris
Booking ID 018990,Missing in Velaris
Booking ID 018990,Missing in Velaris
Booking ID 018536,Missing in Velaris
Booking ID 018054,Missing in Velaris
Booking ID 018054,Missing in Velaris
Booking ID 017498,Missing in Velaris
Booking ID 015980,Missing in Velaris
Booking ID 017999,Missing in Velaris
Booking ID 018137,Missing in Velaris
Booking ID 018137,Missing in Velaris
Booking ID 018199,Missing in Velaris
Booking ID 018249,Missing in Velaris
Booking ID 018199,Missing in Velaris
Booking ID 018249,Missing in Velaris
Booking ID 018249,Missing in Velaris
Booking ID 018782,Missing in Velaris
Booking ID 018782,Missing in Velaris
Booking ID 018782,Missing in Velaris
Booking ID 018782,Missing in Velaris
Booking ID 018782,Missing in Velaris
Booking ID 018782,Missing in Velaris
Booking ID 016830,Missing in Velaris
Booking ID 018522,Missing in Velaris
Booking ID 016917,Missing in Velaris
Booking ID 016966,Missing in Velaris
Booking ID 018129,Missing in Velaris
Booking ID 018132,Missing in Velaris
Booking ID 018131,Missing in Velaris
Booking ID 018132,Missing in Velaris
Booking ID 018131,Missing in Velaris
Booking ID 018129,Missing in Velaris
Booking ID 018354,Missing in Velaris
Booking ID 018354,Missing in Velaris
Booking ID 018156,Missing in Velaris
Booking ID 018156,Missing in Velaris
Booking ID 018156,Missing in Velaris
Booking ID 018195,Missing in Velaris
Booking ID 018195,Missing in Velaris
Booking ID 018195,Missing in Velaris
Booking ID 018197,Missing in Velaris
Booking ID 018197,Missing in Velaris
Booking ID 018481,Missing in Velaris
Booking ID 018480,Missing in Velaris
Booking ID 018437,Missing in Velaris
Booking ID 018480,Missing in Velaris
Booking ID 018437,Missing in Velaris
Booking ID 018481,Missing in Velaris
Booking ID 018220,Missing in Velaris
Booking ID 018220,Missing in Velaris
Booking ID 018220,Missing in Velaris
Booking ID 018382,Missing in Velaris
Booking ID 018381,Missing in Velaris
Booking ID 018380,Missing in Velaris
Booking ID 018379,Missing in Velaris
Booking ID 018379,Missing in Velaris
Booking ID 018380,Missing in Velaris
Booking ID 018593,Missing in Velaris
Booking ID 018593,Missing in Velaris
Booking ID 018224,Missing in Velaris
Booking ID 018226,Missing in Velaris
Booking ID 018224,Missing in Velaris
Booking ID 018226,Missing in Velaris
Booking ID 018980,Missing in Velaris
Booking ID 018980,Missing in Velaris
Booking ID 017628,Missing in Velaris
Booking ID 017750,Missing in Velaris
Booking ID 017766,Missing in Velaris
Booking ID 018733,Missing in Velaris
Booking ID 018735,Missing in Velaris
Booking ID 018735,Missing in Velaris
Booking ID 018733,Missing in Velaris
Booking ID 018904,Missing in Velaris
Booking ID 018904,Missing in Velaris
Booking ID 019111,Missing in Velaris
Booking ID 018051,Missing in Velaris
Booking ID 018051,Missing in Velaris
Booking ID 017851,Missing in Velaris
Booking ID 017801,Missing in Velaris
Booking ID 017801,Missing in Velaris
Booking ID 018503,Missing in Velaris
Booking ID 017810,Missing in Velaris
Booking ID 017815,Missing in Velaris
Booking ID 017896,Missing in Velaris
Booking ID 017896,Missing in Velaris
Booking ID 017924,Missing in Velaris
Booking ID 018311,Missing in Velaris
Booking ID 018320,Missing in Velaris
Booking ID 018325,Missing in Velaris
Booking ID 018311,Missing in Velaris
Booking ID 018311,Missing in Velaris
Booking ID 018320,Missing in Velaris
Booking ID 018325,Missing in Velaris
Booking ID 018325,Missing in Velaris
Booking ID 018311,Missing in Velaris
Booking ID 018311,Missing in Velaris
Booking ID 018320,Missing in Velaris
Booking ID 017939,Missing in Velaris
Booking ID 017939,Missing in Velaris
Booking ID 017939,Missing in Velaris
Booking ID 017942,Missing in Velaris
Booking ID 017942,Missing in Velaris
Booking ID 017943,Missing in Velaris
Booking ID 018349,Missing in Velaris
Booking ID 018674,Missing in Velaris
Booking ID 018349,Missing in Velaris
Booking ID 018674,Missing in Velaris
Booking ID 018674,Missing in Velaris
Booking ID 018348,Missing in Velaris
Booking ID 018348,Missing in Velaris
Booking ID 018351,Missing in Velaris
Booking ID 018351,Missing in Velaris
Booking ID 018360,Missing in Velaris
Booking ID 018360,Missing in Velaris
Booking ID 018360,Missing in Velaris
Booking ID 018366,Missing in Velaris
Booking ID 018366,Missing in Velaris
Booking ID 018963,Missing in Velaris
Booking ID 018963,Missing in Velaris
Booking ID 018373,Missing in Velaris
Booking ID 018372,Missing in Velaris
Booking ID 018373,Missing in Velaris
Booking ID 018372,Missing in Velaris
Booking ID 018583,Missing in Velaris
Booking ID 018583,Missing in Velaris
Booking ID 018703,Missing in Velaris
Booking ID 018703,Missing in Velaris
Booking ID 018425,Missing in Velaris
Booking ID 018425,Missing in Velaris
Booking ID 018433,Missing in Velaris
Booking ID 018433,Missing in Velaris
Booking ID 018438,Missing in Velaris
Booking ID 018438,Missing in Velaris
Booking ID 018439,Missing in Velaris
Booking ID 018525,Missing in Velaris
Booking ID 018525,Missing in Velaris
Booking ID 018439,Missing in Velaris
Booking ID 018560,Missing in Velaris
Booking ID 018559,Missing in Velaris
Booking ID 018559,Missing in Velaris
Booking ID 018041,Missing in Velaris
Booking ID 018048,Missing in Velaris
Booking ID 018048,Missing in Velaris
Booking ID 018088,Missing in Velaris
Booking ID 018088,Missing in Velaris
Booking ID 018088,Missing in Velaris
Booking ID 018088,Missing in Velaris
Booking ID 018048,Missing in Velaris
Booking ID 018045,Missing in Velaris
Booking ID 018043,Missing in Velaris
Booking ID 018045,Missing in Velaris
Booking ID 018043,Missing in Velaris
Booking ID 018056,Missing in Velaris
Booking ID 018056,Missing in Velaris
Booking ID 018059,Missing in Velaris
Booking ID 018066,Missing in Velaris
Booking ID 018066,Missing in Velaris
Booking ID 018066,Missing in Velaris
Booking ID 018071,Missing in Velaris
Booking ID 018071,Missing in Velaris
Booking ID 018071,Missing in Velaris
Booking ID 018069,Missing in Velaris
Booking ID 018070,Missing in Velaris
Booking ID 018070,Missing in Velaris
Booking ID 018070,Missing in Velaris
Booking ID 018080,Missing in Velaris
Booking ID 018080,Missing in Velaris
Booking ID 018083,Missing in Velaris
Booking ID 018083,Missing in Velaris
Booking ID 018601,Missing in Velaris
Booking ID 018600,Missing in Velaris
Booking ID 018601,Missing in Velaris
Booking ID 018600,Missing in Velaris
Booking ID 018087,Missing in Velaris
Booking ID 018087,Missing in Velaris
Booking ID 018087,Missing in Velaris
Booking ID 018100,Missing in Velaris
Booking ID 018100,Missing in Velaris
Booking ID 018548,Missing in Velaris
Booking ID 018115,Missing in Velaris
Booking ID 018115,Missing in Velaris
Booking ID 018742,Missing in Velaris
Booking ID 018741,Missing in Velaris
Booking ID 018742,Missing in Velaris
Booking ID 018741,Missing in Velaris
Booking ID 018738,Missing in Velaris
Booking ID 018738,Missing in Velaris
Booking ID 018740,Missing in Velaris
Booking ID 018740,Missing in Velaris
Booking ID 018775,Missing in Velaris
Booking ID 018775,Missing in Velaris
Booking ID 018781,Missing in Velaris
Booking ID 018781,Missing in Velaris
Booking ID 019075,Missing in Velaris
Booking ID 019075,Missing in Velaris
Booking ID 018806,Missing in Velaris
Booking ID 018806,Missing in Velaris
Booking ID 018883,Missing in Velaris
Booking ID 018883,Missing in Velaris
Booking ID 018808,Missing in Velaris
Booking ID 018808,Missing in Velaris
Booking ID 018823,Missing in Velaris
Booking ID 018823,Missing in Velaris
Booking ID 018849,Missing in Velaris
Booking ID 018933,Missing in Velaris
Booking ID 018933,Missing in Velaris
Booking ID 018922,Missing in Velaris
Booking ID 018934,Missing in Velaris
Booking ID 018934,Missing in Velaris
Booking ID 018938,Missing in Velaris
Booking ID 018938,Missing in Velaris
Booking ID 018956,Missing in Velaris
Booking ID 018956,Missing in Velaris
Booking ID 018560,Missing in Velaris
Booking ID 018560,Missing in Velaris
Booking ID 018560,Missing in Velaris
Booking ID 018643,Missing in Velaris
Booking ID 018451,Missing in Velaris
Booking ID 018451,Missing in Velaris
Booking ID 018482,Missing in Velaris
Booking ID 018482,Missing in Velaris
Booking ID 018482,Missing in Velaris
Booking ID 018482,Missing in Velaris
Booking ID 018482,Missing in Velaris
Booking ID 018499,Missing in Velaris
Booking ID 018499,Missing in Velaris
Booking ID 018523,Missing in Velaris
Booking ID 018555,Missing in Velaris
Booking ID 018581,Missing in Velaris
Booking ID 018581,Missing in Velaris
Booking ID 018594,Missing in Velaris
Booking ID 018594,Missing in Velaris
Booking ID 018626,Missing in Velaris
Booking ID 018626,Missing in Velaris
Booking ID 018636,Missing in Velaris
Booking ID 018636,Missing in Velaris
Booking ID 018644,Missing in Velaris
Booking ID 018644,Missing in Velaris
Booking ID 018381,Missing in Velaris
Booking ID 018613,Missing in Velaris
Booking ID 018613,Missing in Velaris
Booking ID 018379,Missing in Velaris
Booking ID 018379,Missing in Velaris
Booking ID 019028,Missing in Velaris
Booking ID 019028,Missing in Velaris
Booking ID 018229,Missing in Velaris
Booking ID 018229,Missing in Velaris
Booking ID 018229,Missing in Velaris
Booking ID 018574,Missing in Velaris
Booking ID 018574,Missing in Velaris
Booking ID 018292,Missing in Velaris
Booking ID 018292,Missing in Velaris
Booking ID 018307,Missing in Velaris
Booking ID 018307,Missing in Velaris
Booking ID 018307,Missing in Velaris
Booking ID 018317,Missing in Velaris
Booking ID 018317,Missing in Velaris
Booking ID 018342,Missing in Velaris
Booking ID 018349,Missing in Velaris
Booking ID 018958,Missing in Velaris
Booking ID 018958,Missing in Velaris
Booking ID 018965,Missing in Velaris
Booking ID 018965,Missing in Velaris
Booking ID 018970,Missing in Velaris
Booking ID 018970,Missing in Velaris
Booking ID 019073,Missing in Velaris
Booking ID 019073,Missing in Velaris
Booking ID 019029,Missing in Velaris
Booking ID 019029,Missing in Velaris
Booking ID 018971,Missing in Velaris
Booking ID 018971,Missing in Velaris
Booking ID 018972,Missing in Velaris
Booking ID 018972,Missing in Velaris
Booking ID 018973,Missing in Velaris
Booking ID 018973,Missing in Velaris
Booking ID 018974,Missing in Velaris
Booking ID 018974,Missing in Velaris
Booking ID 018977,Missing in Velaris
Booking ID 018977,Missing in Velaris
Booking ID 018979,Missing in Velaris
Booking ID 018979,Missing in Velaris
Booking ID 019018,Missing in Velaris
Booking ID 019018,Missing in Velaris
Booking ID 019019,Missing in Velaris
Booking ID 019019,Missing in Velaris
Booking ID 019022,Missing in Velaris
Booking ID 019022,Missing in Velaris
Booking ID 019036,Missing in Velaris
Booking ID 019036,Missing in Velaris
Booking ID 019050,Missing in Velaris
Booking ID 019050,Missing in Velaris
Booking ID 019053,Missing in Velaris
Booking ID 019053,Missing in Velaris
Booking ID 019063,Missing in Velaris
Booking ID 019063,Missing in Velaris
Booking ID 019118,Missing in Velaris
Booking ID 019116,Missing in Velaris
Booking ID 018670,Missing in Velaris
Booking ID 018669,Missing in Velaris
Booking ID 018665,Missing in Velaris
Booking ID 018660,Missing in Velaris
Booking ID 018657,Missing in Velaris
Booking ID 018658,Missing in Velaris
Booking ID 018656,Missing in Velaris
Booking ID 018659,Missing in Velaris
Booking ID 018659,Missing in Velaris
Booking ID 018658,Missing in Velaris
Booking ID 018657,Missing in Velaris
Booking ID 018656,Missing in Velaris
Booking ID 018676,Missing in Velaris
Booking ID 018678,Missing in Velaris
Booking ID 018679,Missing in Velaris
Booking ID 018679,Missing in Velaris
Booking ID 018678,Missing in Velaris
Booking ID 018676,Missing in Velaris
Booking ID 018681,Missing in Velaris
Booking ID 018680,Missing in Velaris
Booking ID 018744,Missing in Velaris
Booking ID 018744,Missing in Velaris
Total,Missing in Velaris
